Beverage_category,Beverage,Beverage_prep,Calories, Total Fat (g), Sodium (mg), Sugars (g), Protein (g) ,Caffeine (mg),Import_Notes
Coffee,Brewed Coffee,Short,3,0.1,0,0,0.3,175,"auto-generated, ignore"
Coffee,Brewed Coffee,Tall,4,0.1,0,0,0.5,260,"auto-generated, ignore"
Coffee,Brewed Coffee,Grande,5,0.1,0,0,1.0,330,"auto-generated, ignore"
Coffee,Brewed Coffee,Venti,5,0.1,0,0,1.0,410,"auto-generated, ignore"
Classic Espresso Drinks,Caffe Latte,Short Nonfat Milk,70,0.1,5,9,6.0,75,"auto-generated, ignore"
Classic Espresso Drinks,Caffe Latte,2% Milk,100,3.5,15,9,6.0,75,"auto-generated, ignore"
Classic Espresso Drinks,Caffe Latte,Soymilk,70,2.5,0,4,5.0,75,"auto-generated, ignore"
Classic Espresso Drinks,Caffe Latte,Tall Nonfat Milk,100,0.2,5,14,10.0,75,"auto-generated, ignore"
Classic Espresso Drinks,Caffe Latte,2% Milk,150,6,25,14,10.0,75,"auto-generated, ignore"
Classic Espresso Drinks,Caffe Latte,Soymilk,110,4.5,0,6,8.0,75,"auto-generated, ignore"
Classic Espresso Drinks,Caffe Latte,Grande Nonfat Milk,130,0.3,5,18,13.0,150,"auto-generated, ignore"
Classic Espresso Drinks,Caffe Latte,2% Milk,190,7,30,17,12.0,150,"auto-generated, ignore"
Classic Espresso Drinks,Caffe Latte,Soymilk,150,5,0,8,10.0,150,"auto-generated, ignore"
Classic Espresso Drinks,Caffe Latte,Venti Nonfat Milk,170,0.4,10,23,16.0,150,"auto-generated, ignore"
Classic Espresso Drinks,Caffe Latte,2% Milk,240,9,35,22,16.0,150,"auto-generated, ignore"
Classic Espresso Drinks,Caffe Latte,Soymilk,190,7,0,11,13.0,150,"auto-generated, ignore"
Classic Espresso Drinks,Caffe Mocha (Without Whipped Cream),Short Nonfat Milk,110,1.5,5,17,7.0,85,"auto-generated, ignore"
Classic Espresso Drinks,Caffe Mocha (Without Whipped Cream),2% Milk,130,4,10,17,6.0,85,"auto-generated, ignore"
Classic Espresso Drinks,Caffe Mocha (Without Whipped Cream),Soymilk,110,3.5,0,13,6.0,85,"auto-generated, ignore"
Classic Espresso Drinks,Caffe Mocha (Without Whipped Cream),Tall Nonfat Milk,170,2,5,27,10.0,95,"auto-generated, ignore"
Classic Espresso Drinks,Caffe Mocha (Without Whipped Cream),2% Milk,200,6,20,26,10.0,95,"auto-generated, ignore"
Classic Espresso Drinks,Caffe Mocha (Without Whipped Cream),Soymilk,180,5,0,20,9.0,95,"auto-generated, ignore"
Classic Espresso Drinks,Caffe Mocha (Without Whipped Cream),Grande Nonfat Milk,220,2.5,5,34,13.0,175,"auto-generated, ignore"
Classic Espresso Drinks,Caffe Mocha (Without Whipped Cream),2% Milk,260,8,25,34,13.0,175,"auto-generated, ignore"
Classic Espresso Drinks,Caffe Mocha (Without Whipped Cream),Soymilk,230,7,0,26,11.0,175,"auto-generated, ignore"
Classic Espresso Drinks,Caffe Mocha (Without Whipped Cream),Venti Nonfat Milk,280,3,10,44,17.0,180,"auto-generated, ignore"
Classic Espresso Drinks,Caffe Mocha (Without Whipped Cream),2% Milk,340,11,30,43,17.0,180,"auto-generated, ignore"
Classic Espresso Drinks,Caffe Mocha (Without Whipped Cream),Soymilk,290,9,0,33,14.0,180,"auto-generated, ignore"
Classic Espresso Drinks,Vanilla Latte (Or Other Flavoured Latte),Short Nonfat Milk,100,0.1,5,18,6.0,75,"auto-generated, ignore"
Classic Espresso Drinks,Vanilla Latte (Or Other Flavoured Latte),2% Milk,130,3.5,15,17,6.0,75,"auto-generated, ignore"
Classic Espresso Drinks,Vanilla Latte (Or Other Flavoured Latte),Soymilk,110,2.5,0,13,5.0,75,"auto-generated, ignore"
Classic Espresso Drinks,Vanilla Latte (Or Other Flavoured Latte),Tall Nonfat Milk,150,0.2,5,27,9.0,75,"auto-generated, ignore"
Classic Espresso Drinks,Vanilla Latte (Or Other Flavoured Latte),2% Milk,200,5,20,27,9.0,75,"auto-generated, ignore"
Classic Espresso Drinks,Vanilla Latte (Or Other Flavoured Latte),Soymilk,160,4,0,20,7.0,75,"auto-generated, ignore"
Classic Espresso Drinks,Vanilla Latte (Or Other Flavoured Latte),Grande Nonfat Milk,200,0.3,5,35,12.0,150,"auto-generated, ignore"
Classic Espresso Drinks,Vanilla Latte (Or Other Flavoured Latte),2% Milk,250,6,25,35,12.0,150,"auto-generated, ignore"
Classic Espresso Drinks,Vanilla Latte (Or Other Flavoured Latte),Soymilk,210,5,0,26,9.0,150,"auto-generated, ignore"
Classic Espresso Drinks,Vanilla Latte (Or Other Flavoured Latte),Venti Nonfat Milk,250,0.3,10,45,15.0,150,"auto-generated, ignore"
Classic Espresso Drinks,Vanilla Latte (Or Other Flavoured Latte),2% Milk,320,9,35,44,15.0,150,"auto-generated, ignore"
Classic Espresso Drinks,Vanilla Latte (Or Other Flavoured Latte),Soymilk,270,7,0,33,12.0,150,"auto-generated, ignore"
Classic Espresso Drinks,Caffe Americano,Short,5,0,0,0,0.4,75,"auto-generated, ignore"
Classic Espresso Drinks,Caffe Americano,Tall,10,0,0,0,1.0,150,"auto-generated, ignore"
Classic Espresso Drinks,Caffe Americano,Grande,15,0,0,0,1.0,225,"auto-generated, ignore"
Classic Espresso Drinks,Caffe Americano,Venti,25,0,0,0,1.0,300,"auto-generated, ignore"
Classic Espresso Drinks,Cappuccino,Short Nonfat Milk,50,0.1,5,7,5.0,75,"auto-generated, ignore"
Classic Espresso Drinks,Cappuccino,2% Milk,80,3,10,7,5.0,75,"auto-generated, ignore"
Classic Espresso Drinks,Cappuccino,Soymilk,50,1.5,0,3,3.0,75,"auto-generated, ignore"
Classic Espresso Drinks,Cappuccino,Tall Nonfat Milk,60,0.1,5,8,6.0,75,"auto-generated, ignore"
Classic Espresso Drinks,Cappuccino,2% Milk,90,3.5,15,8,6.0,75,"auto-generated, ignore"
Classic Espresso Drinks,Cappuccino,Soymilk,70,3,0,4,5.0,75,"auto-generated, ignore"
Classic Espresso Drinks,Cappuccino,Grande Nonfat Milk,80,0.2,5,10,8.0,150,"auto-generated, ignore"
Classic Espresso Drinks,Cappuccino,2% Milk,120,4,15,10,8.0,150,"auto-generated, ignore"
Classic Espresso Drinks,Cappuccino,Soymilk,100,3.5,0,5,7.0,150,"auto-generated, ignore"
Classic Espresso Drinks,Cappuccino,Venti Nonfat Milk,110,0.2,5,14,10.0,150,"auto-generated, ignore"
Classic Espresso Drinks,Cappuccino,2% Milk,150,6,25,14,10.0,150,"auto-generated, ignore"
Classic Espresso Drinks,Cappuccino,Soymilk,120,4.5,0,7,9.0,150,"auto-generated, ignore"
Classic Espresso Drinks,Espresso,Solo,5,0,0,0,0.4,75,"auto-generated, ignore"
Classic Espresso Drinks,Espresso,Doppio,10,0,0,0,1.0,150,"auto-generated, ignore"
Classic Espresso Drinks,Skinny Latte (Any Flavour),Short Nonfat Milk,60,0.1,5,8,6.0,75,"auto-generated, ignore"
Classic Espresso Drinks,Skinny Latte (Any Flavour),Tall Nonfat Milk,100,0.2,5,13,9.0,75,"auto-generated, ignore"
Classic Espresso Drinks,Skinny Latte (Any Flavour),Grande Nonfat Milk,120,0.3,5,16,12.0,150,"auto-generated, ignore"
Classic Espresso Drinks,Skinny Latte (Any Flavour),Venti Nonfat Milk,160,0.3,10,21,15.0,150,"auto-generated, ignore"
Signature Espresso Drinks,Caramel Macchiato,Short Nonfat Milk,100,1,5,15,6.0,75,"auto-generated, ignore"
Signature Espresso Drinks,Caramel Macchiato,2% Milk,120,4,15,15,5.0,75,"auto-generated, ignore"
Signature Espresso Drinks,Caramel Macchiato,Soymilk,100,3,0,11,4.0,75,"auto-generated, ignore"
Signature Espresso Drinks,Caramel Macchiato,Tall Nonfat Milk,140,1,5,24,8.0,75,"auto-generated, ignore"
Signature Espresso Drinks,Caramel Macchiato,2% Milk,180,5,20,23,8.0,75,"auto-generated, ignore"
Signature Espresso Drinks,Caramel Macchiato,Soymilk,150,4.5,0,17,7.0,75,"auto-generated, ignore"
Signature Espresso Drinks,Caramel Macchiato,Grande Nonfat Milk,190,1,10,32,11.0,150,"auto-generated, ignore"
Signature Espresso Drinks,Caramel Macchiato,2% Milk,240,7,25,32,10.0,150,"auto-generated, ignore"
Signature Espresso Drinks,Caramel Macchiato,Soymilk,200,5,5,24,9.0,150,"auto-generated, ignore"
Signature Espresso Drinks,Caramel Macchiato,Venti Nonfat Milk,240,1,10,41,13.0,150,"auto-generated, ignore"
Signature Espresso Drinks,Caramel Macchiato,2% Milk,300,8,35,40,13.0,150,"auto-generated, ignore"
Signature Espresso Drinks,Caramel Macchiato,Soymilk,250,7,5,31,11.0,150,"auto-generated, ignore"
Signature Espresso Drinks,White Chocolate Mocha (Without Whipped Cream),Short Nonfat Milk,180,3,5,29,7.0,75,"auto-generated, ignore"
Signature Espresso Drinks,White Chocolate Mocha (Without Whipped Cream),2% Milk,200,6,15,29,7.0,75,"auto-generated, ignore"
Signature Espresso Drinks,White Chocolate Mocha (Without Whipped Cream),Soymilk,180,5,0,25,6.0,75,"auto-generated, ignore"
Signature Espresso Drinks,White Chocolate Mocha (Without Whipped Cream),Tall Nonfat Milk,270,4.5,5,45,12.0,75,"auto-generated, ignore"
Signature Espresso Drinks,White Chocolate Mocha (Without Whipped Cream),2% Milk,310,9,20,44,11.0,75,"auto-generated, ignore"
Signature Espresso Drinks,White Chocolate Mocha (Without Whipped Cream),Soymilk,280,8,0,39,10.0,75,"auto-generated, ignore"
Signature Espresso Drinks,White Chocolate Mocha (Without Whipped Cream),Grande Nonfat Milk,350,6,10,58,15.0,150,"auto-generated, ignore"
Signature Espresso Drinks,White Chocolate Mocha (Without Whipped Cream),2% Milk,400,11,25,58,15.0,150,"auto-generated, ignore"
Signature Espresso Drinks,White Chocolate Mocha (Without Whipped Cream),Soymilk,370,10,0,51,13.0,150,"auto-generated, ignore"
Signature Espresso Drinks,White Chocolate Mocha (Without Whipped Cream),Venti Nonfat Milk,450,7,10,74,19.0,150,"auto-generated, ignore"
Signature Espresso Drinks,White Chocolate Mocha (Without Whipped Cream),2% Milk,510,15,35,74,19.0,150,"auto-generated, ignore"
Signature Espresso Drinks,White Chocolate Mocha (Without Whipped Cream),Soymilk,460,13,5,64,16.0,150,"auto-generated, ignore"
Signature Espresso Drinks,Hot Chocolate (Without Whipped Cream),Short Nonfat Milk,130,1.5,5,23,7.0,10,"auto-generated, ignore"
Signature Espresso Drinks,Hot Chocolate (Without Whipped Cream),2% Milk,150,4.5,15,22,7.0,10,"auto-generated, ignore"
Signature Espresso Drinks,Hot Chocolate (Without Whipped Cream),Soymilk,130,3.5,0,18,6.0,10,"auto-generated, ignore"
Signature Espresso Drinks,Hot Chocolate (Without Whipped Cream),Tall Nonfat Milk,190,2,5,32,11.0,20,"auto-generated, ignore"
Signature Espresso Drinks,Hot Chocolate (Without Whipped Cream),2% Milk,230,7,20,32,10.0,20,"auto-generated, ignore"
Signature Espresso Drinks,Hot Chocolate (Without Whipped Cream),Soymilk,200,6,0,25,9.0,20,"auto-generated, ignore"
Signature Espresso Drinks,Hot Chocolate (Without Whipped Cream),Grande Nonfat Milk,240,2.5,5,41,14.0,25,"auto-generated, ignore"
Signature Espresso Drinks,Hot Chocolate (Without Whipped Cream),2% Milk,290,9,25,41,14.0,25,"auto-generated, ignore"
Signature Espresso Drinks,Hot Chocolate (Without Whipped Cream),Soymilk,250,7,0,32,12.0,25,"auto-generated, ignore"
Signature Espresso Drinks,Hot Chocolate (Without Whipped Cream),Venti Nonfat Milk,320,3,10,55,18.0,30,"auto-generated, ignore"
Signature Espresso Drinks,Hot Chocolate (Without Whipped Cream),2% Milk,380,11,35,54,17.0,30,"auto-generated, ignore"
Signature Espresso Drinks,Hot Chocolate (Without Whipped Cream),Soymilk,330,9,0,44,15.0,30,"auto-generated, ignore"
Signature Espresso Drinks,Caramel Apple Spice (Without Whipped Cream),Short,140,0,0,33,0.0,0,"auto-generated, ignore"
Signature Espresso Drinks,Caramel Apple Spice (Without Whipped Cream),Tall,210,0,0,49,0.0,0,"auto-generated, ignore"
Signature Espresso Drinks,Caramel Apple Spice (Without Whipped Cream),Grande,280,0,0,65,0.0,0,"auto-generated, ignore"
Signature Espresso Drinks,Caramel Apple Spice (Without Whipped Cream),Venti,360,0,0,83,0.0,0,"auto-generated, ignore"
Tazo Tea Drinks,Tazo Tea,Short,0,0,0,0,0.0,Varies,"auto-generated, ignore"
Tazo Tea Drinks,Tazo Tea,Tall,0,0,0,0,0.0,Varies,"auto-generated, ignore"
Tazo Tea Drinks,Tazo Tea,Grande,0,0,0,0,0.0,Varies,"auto-generated, ignore"
Tazo Tea Drinks,Tazo Tea,Venti,0,0,0,0,0.0,Varies,"auto-generated, ignore"
Tazo Tea Drinks,Tazo Chai Tea Latte,Short Nonfat Milk,100,0.1,0,21,4.0,50,"auto-generated, ignore"
Tazo Tea Drinks,Tazo Chai Tea Latte,2% Milk,120,2,10,21,4.0,50,"auto-generated, ignore"
Tazo Tea Drinks,Tazo Chai Tea Latte,Soymilk,110,1.5,0,18,3.0,50,"auto-generated, ignore"
Tazo Tea Drinks,Tazo Chai Tea Latte,Tall Nonfat Milk,160,0.2,5,32,6.0,70,"auto-generated, ignore"
Tazo Tea Drinks,Tazo Chai Tea Latte,2% Milk,190,3.5,15,32,6.0,70,"auto-generated, ignore"
Tazo Tea Drinks,Tazo Chai Tea Latte,Soymilk,160,2.5,0,28,5.0,70,"auto-generated, ignore"
Tazo Tea Drinks,Tazo Chai Tea Latte,Grande Nonfat Milk,210,0.2,5,43,8.0,95,"auto-generated, ignore"
Tazo Tea Drinks,Tazo Chai Tea Latte,2% Milk,240,4.5,20,42,8.0,95,"auto-generated, ignore"
Tazo Tea Drinks,Tazo Chai Tea Latte,Soymilk,220,3.5,0,37,6.0,95,"auto-generated, ignore"
Tazo Tea Drinks,Tazo Chai Tea Latte,Venti Nonfat Milk,260,0.3,5,54,10.0,120,"auto-generated, ignore"
Tazo Tea Drinks,Tazo Chai Tea Latte,2% Milk,310,6,25,53,10.0,120,"auto-generated, ignore"
Tazo Tea Drinks,Tazo Chai Tea Latte,Soymilk,280,4.5,0,46,8.0,120,"auto-generated, ignore"
Tazo Tea Drinks,Tazo Green Tea Latte,Short Nonfat Milk,130,0.2,5,25,7.0,25,"auto-generated, ignore"
Tazo Tea Drinks,Tazo Green Tea Latte,2% Milk,170,4,15,25,7.0,25,"auto-generated, ignore"
Tazo Tea Drinks,Tazo Green Tea Latte,Soymilk,140,3,0,20,6.0,25,"auto-generated, ignore"
Tazo Tea Drinks,Tazo Green Tea Latte,Tall Nonfat Milk,210,0.4,5,41,11.0,55,"auto-generated, ignore"
Tazo Tea Drinks,Tazo Green Tea Latte,2% Milk,260,6,25,40,10.0,55,"auto-generated, ignore"
Tazo Tea Drinks,Tazo Green Tea Latte,Soymilk,230,4.5,0,33,9.0,55,"auto-generated, ignore"
Tazo Tea Drinks,Tazo Green Tea Latte,Grande Nonfat Milk,290,0.5,10,56,14.0,80,"auto-generated, ignore"
Tazo Tea Drinks,Tazo Green Tea Latte,2% Milk,350,8,30,55,14.0,80,"auto-generated, ignore"
Tazo Tea Drinks,Tazo Green Tea Latte,Soymilk,310,6,0,46,11.0,80,"auto-generated, ignore"
Tazo Tea Drinks,Tazo Green Tea Latte,Venti Nonfat Milk,370,0.5,10,71,18.0,110,"auto-generated, ignore"
Tazo Tea Drinks,Tazo Green Tea Latte,2% Milk,450,10,40,71,17.0,110,"auto-generated, ignore"
Tazo Tea Drinks,Tazo Green Tea Latte,Soymilk,390,8,0,58,14.0,110,"auto-generated, ignore"
Tazo Tea Drinks,Tazo Full-Leaf Tea Latte,Short Nonfat Milk,80,0.1,0,16,4.0,varies,"auto-generated, ignore"
Tazo Tea Drinks,Tazo Full-Leaf Tea Latte,2% Milk,90,2,10,15,3.0,varies,"auto-generated, ignore"
Tazo Tea Drinks,Tazo Full-Leaf Tea Latte,Soymilk,80,1.5,0,13,3.0,varies,"auto-generated, ignore"
Tazo Tea Drinks,Tazo Full-Leaf Tea Latte,Tall Nonfat Milk,120,0.1,5,23,5.0,varies,"auto-generated, ignore"
Tazo Tea Drinks,Tazo Full-Leaf Tea Latte,2% Milk,140,3,15,23,5.0,varies,"auto-generated, ignore"
Tazo Tea Drinks,Tazo Full-Leaf Tea Latte,Soymilk,130,2.5,0,19,4.0,varies,"auto-generated, ignore"
Tazo Tea Drinks,Tazo Full-Leaf Tea Latte,Grande Nonfat Milk,150,0.2,5,31,7.0,varies,"auto-generated, ignore"
Tazo Tea Drinks,Tazo Full-Leaf Tea Latte,2% Milk,190,4,15,30,7.0,varies,"auto-generated, ignore"
Tazo Tea Drinks,Tazo Full-Leaf Tea Latte,Soymilk,170,3.5,0,25,6.0,varies,"auto-generated, ignore"
Tazo Tea Drinks,Tazo Full-Leaf Tea Latte,Venti Nonfat Milk,190,0.2,5,39,9.0,varies,"auto-generated, ignore"
Tazo Tea Drinks,Tazo Full-Leaf Tea Latte,2% Milk,230,5,20,38,9.0,varies,"auto-generated, ignore"
Tazo Tea Drinks,Tazo Full-Leaf Tea Latte,Soymilk,210,4,0,32,7.0,varies,"auto-generated, ignore"
Tazo Tea Drinks,Tazo Full-Leaf Red Tea Latte (Vanilla Rooibos),Short Nonfat Milk,80,0.1,0,16,4.0,0,"auto-generated, ignore"
Tazo Tea Drinks,Tazo Full-Leaf Red Tea Latte (Vanilla Rooibos),2% Milk,90,2,10,15,3.0,0,"auto-generated, ignore"
Tazo Tea Drinks,Tazo Full-Leaf Red Tea Latte (Vanilla Rooibos),Soymilk,80,1.5,0,13,3.0,0,"auto-generated, ignore"
Tazo Tea Drinks,Tazo Full-Leaf Red Tea Latte (Vanilla Rooibos),Tall Nonfat Milk,120,0.1,5,23,5.0,0,"auto-generated, ignore"
Tazo Tea Drinks,Tazo Full-Leaf Red Tea Latte (Vanilla Rooibos),2% Milk,140,3,15,23,5.0,0,"auto-generated, ignore"
Tazo Tea Drinks,Tazo Full-Leaf Red Tea Latte (Vanilla Rooibos),Soymilk,130,2.5,0,19,4.0,0,"auto-generated, ignore"
Tazo Tea Drinks,Tazo Full-Leaf Red Tea Latte (Vanilla Rooibos),Grande Nonfat Milk,150,0.2,5,31,7.0,0,"auto-generated, ignore"
Tazo Tea Drinks,Tazo Full-Leaf Red Tea Latte (Vanilla Rooibos),2% Milk,190,4,15,30,7.0,0,"auto-generated, ignore"
Tazo Tea Drinks,Tazo Full-Leaf Red Tea Latte (Vanilla Rooibos),Soymilk,170,3.5,0,25,6.0,0,"auto-generated, ignore"
Tazo Tea Drinks,Tazo Full-Leaf Red Tea Latte (Vanilla Rooibos),Venti Nonfat Milk,190,0.2,5,39,9.0,0,"auto-generated, ignore"
Tazo Tea Drinks,Tazo Full-Leaf Red Tea Latte (Vanilla Rooibos),2% Milk,230,5,20,38,9.0,0,"auto-generated, ignore"
Tazo Tea Drinks,Tazo Full-Leaf Red Tea Latte (Vanilla Rooibos),Soymilk,210,4,0,32,7.0,0,"auto-generated, ignore"
Shaken Iced Beverages,Iced Brewed Coffee (With Classic Syrup),Tall,60,0,0,15,0.2,120,"auto-generated, ignore"
Shaken Iced Beverages,Iced Brewed Coffee (With Classic Syrup),Grande,90,0.1,0,21,0.3,165,"auto-generated, ignore"
Shaken Iced Beverages,Iced Brewed Coffee (With Classic Syrup),Venti,130,0.1,0,31,0.4,235,"auto-generated, ignore"
Shaken Iced Beverages,Iced Brewed Coffee (With Milk & Classic Syrup),Tall Nonfat Milk,80,0.1,0,18,2.0,90,"auto-generated, ignore"
Shaken Iced Beverages,Iced Brewed Coffee (With Milk & Classic Syrup),2% Milk,90,1,5,18,2.0,,"auto-generated, ignore"
Shaken Iced Beverages,Iced Brewed Coffee (With Milk & Classic Syrup),Soymilk,80,1,0,17,2.0,90,"auto-generated, ignore"
Shaken Iced Beverages,Iced Brewed Coffee (With Milk & Classic Syrup),Grande Nonfat Milk,110,0.1,0,24,2.0,90,"auto-generated, ignore"
Shaken Iced Beverages,Iced Brewed Coffee (With Milk & Classic Syrup),2% Milk,120,1.5,5,24,2.0,125,"auto-generated, ignore"
Shaken Iced Beverages,Iced Brewed Coffee (With Milk & Classic Syrup),Soymilk,110,1,0,22,2.0,125,"auto-generated, ignore"
Shaken Iced Beverages,Iced Brewed Coffee (With Milk & Classic Syrup),Venti Nonfat Milk,160,0.1,0,36,4.0,125,"auto-generated, ignore"
Shaken Iced Beverages,Iced Brewed Coffee (With Milk & Classic Syrup),2% Milk,180,2,10,36,4.0,170,"auto-generated, ignore"
Shaken Iced Beverages,Iced Brewed Coffee (With Milk & Classic Syrup),Soymilk,170,1.5,0,33,3.0,170,"auto-generated, ignore"
Shaken Iced Beverages,Shaken Iced Tazo Tea (With Classic Syrup),Tall,60,0,0,15,0.0,170,"auto-generated, ignore"
Shaken Iced Beverages,Shaken Iced Tazo Tea (With Classic Syrup),Grande,80,0,0,21,0.0,Varies,"auto-generated, ignore"
Shaken Iced Beverages,Shaken Iced Tazo Tea (With Classic Syrup),Venti,120,0,0,31,0.0,Varies,"auto-generated, ignore"
Shaken Iced Beverages,Shaken Iced Tazo Tea Lemonade (With Classic Syrup),Tall,100,0,0,24,0.1,Varies,"auto-generated, ignore"
Shaken Iced Beverages,Shaken Iced Tazo Tea Lemonade (With Classic Syrup),Grande,130,0,0,33,0.1,Varies,"auto-generated, ignore"
Shaken Iced Beverages,Shaken Iced Tazo Tea Lemonade (With Classic Syrup),Venti,190,0,0,49,0.1,Varies,"auto-generated, ignore"
Smoothies,Banana Chocolate Smoothie,Grande Nonfat Milk,280,2.5,5,34,20.0,Varies,"auto-generated, ignore"
Smoothies,Banana Chocolate Smoothie,2% Milk,300,5,15,34,20.0,15,"auto-generated, ignore"
Smoothies,Banana Chocolate Smoothie,Soymilk,290,4.5,5,31,19.0,15,"auto-generated, ignore"
Smoothies,Orange Mango Banana Smoothie,Grande Nonfat Milk,260,1,5,37,16.0,15,"auto-generated, ignore"
Smoothies,Orange Mango Banana Smoothie,2% Milk,270,1.5,5,37,16.0,0,"auto-generated, ignore"
Smoothies,Orange Mango Banana Smoothie,Soymilk,270,1.5,5,36,15.0,0,"auto-generated, ignore"
Smoothies,Strawberry Banana Smoothie,Grande Nonfat Milk,290,1,5,41,16.0,0,"auto-generated, ignore"
Smoothies,Strawberry Banana Smoothie,2% Milk,290,2,5,41,16.0,0,"auto-generated, ignore"
Smoothies,Strawberry Banana Smoothie,Soymilk,290,2,5,40,16.0,0,"auto-generated, ignore"
Frappuccino Blended Coffee,Coffee,Tall Nonfat Milk,160,0.1,0,36,3.0,0,"auto-generated, ignore"
Frappuccino Blended Coffee,Coffee,Whole Milk,180,2.5,10,36,3.0,70,"auto-generated, ignore"
Frappuccino Blended Coffee,Coffee,Soymilk,160,1.5,0,34,2.0,70,"auto-generated, ignore"
Frappuccino Blended Coffee,Coffee,Grande Nonfat Milk,220,0.1,0,50,4.0,70,"auto-generated, ignore"
Frappuccino Blended Coffee,Coffee,Whole Milk,240,3,10,50,3.0,95,"auto-generated, ignore"
Frappuccino Blended Coffee,Coffee,Soymilk,220,1.5,0,47,3.0,95,"auto-generated, ignore"
Frappuccino Blended Coffee,Coffee,Venti Nonfat Milk,310,0.1,5,69,6.0,95,"auto-generated, ignore"
Frappuccino Blended Coffee,Coffee,Whole Milk,350,5,15,69,5.0,130,"auto-generated, ignore"
Frappuccino Blended Coffee,Coffee,Soymilk,310,2.5,0,66,5.0,130,"auto-generated, ignore"
Frappuccino Blended Coffee,Mocha (Without Whipped Cream),Tall Nonfat Milk,180,0.5,0,40,3.0,130,"auto-generated, ignore"
Frappuccino Blended Coffee,Mocha (Without Whipped Cream),Whole Milk,200,3,10,40,3.0,70,"auto-generated, ignore"
Frappuccino Blended Coffee,Mocha (Without Whipped Cream),Soymilk,180,2,0,38,3.0,70,"auto-generated, ignore"
Frappuccino Blended Coffee,Mocha (Without Whipped Cream),Grande Nonfat Milk,260,1,0,58,4.0,110,"auto-generated, ignore"
Frappuccino Blended Coffee,Mocha (Without Whipped Cream),Whole Milk,290,4,10,58,4.0,110,"auto-generated, ignore"
Frappuccino Blended Coffee,Mocha (Without Whipped Cream),Soymilk,260,2.5,0,55,4.0,110,"auto-generated, ignore"
Frappuccino Blended Coffee,Mocha (Without Whipped Cream),Venti Nonfat Milk,340,1,5,76,7.0,140,"auto-generated, ignore"
Frappuccino Blended Coffee,Mocha (Without Whipped Cream),Whole Milk,390,6,15,76,6.0,140,"auto-generated, ignore"
Frappuccino Blended Coffee,Mocha (Without Whipped Cream),Soymilk,350,3,0,73,6.0,140,"auto-generated, ignore"
Frappuccino Blended Coffee,Caramel (Without Whipped Cream),Tall Nonfat Milk,180,0.1,0,41,3.0,70,"auto-generated, ignore"
Frappuccino Blended Coffee,Caramel (Without Whipped Cream),Whole Milk,200,2.5,10,41,3.0,70,"auto-generated, ignore"
Frappuccino Blended Coffee,Caramel (Without Whipped Cream),Soymilk,180,1.5,0,39,2.0,70,"auto-generated, ignore"
Frappuccino Blended Coffee,Caramel (Without Whipped Cream),Grande Nonfat Milk,280,0.1,0,59,4.0,100,"auto-generated, ignore"
Frappuccino Blended Coffee,Caramel (Without Whipped Cream),Whole Milk,280,3.5,10,59,3.0,100,"auto-generated, ignore"
Frappuccino Blended Coffee,Caramel (Without Whipped Cream),Soymilk,260,1.5,0,56,3.0,100,"auto-generated, ignore"
Frappuccino Blended Coffee,Caramel (Without Whipped Cream),Venti Nonfat Milk,330,0.1,5,77,5.0,130,"auto-generated, ignore"
Frappuccino Blended Coffee,Caramel (Without Whipped Cream),Whole Milk,370,5,15,77,5.0,130,"auto-generated, ignore"
Frappuccino Blended Coffee,Caramel (Without Whipped Cream),Soymilk,340,2.5,0,73,5.0,130,"auto-generated, ignore"
Frappuccino Blended Coffee,Java Chip (Without Whipped Cream),Tall Nonfat Milk,220,3,0,44,4.0,75,"auto-generated, ignore"
Frappuccino Blended Coffee,Java Chip (Without Whipped Cream),Whole Milk,240,5,10,44,4.0,75,"auto-generated, ignore"
Frappuccino Blended Coffee,Java Chip (Without Whipped Cream),Soymilk,220,4,0,42,3.0,75,"auto-generated, ignore"
Frappuccino Blended Coffee,Java Chip (Without Whipped Cream),Grande Nonfat Milk,310,4,0,62,5.0,110,"auto-generated, ignore"
Frappuccino Blended Coffee,Java Chip (Without Whipped Cream),Whole Milk,340,7,10,62,5.0,110,"auto-generated, ignore"
Frappuccino Blended Coffee,Java Chip (Without Whipped Cream),Soymilk,310,6,0,60,4.0,110,"auto-generated, ignore"
Frappuccino Blended Coffee,Java Chip (Without Whipped Cream),Venti Nonfat Milk,420,5,5,84,7.0,145,"auto-generated, ignore"
Frappuccino Blended Coffee,Java Chip (Without Whipped Cream),Whole Milk,460,10,15,84,7.0,145,"auto-generated, ignore"
Frappuccino Blended Coffee,Java Chip (Without Whipped Cream),Soymilk,430,8,0,80,6.0,145,"auto-generated, ignore"
Frappuccino Light Blended Coffee,Coffee,Tall Nonfat Milk,90,0.1,0,19,3.0,70,"auto-generated, ignore"
Frappuccino Light Blended Coffee,Coffee,Grande Nonfat Milk,120,0.1,0,26,3.0,95,"auto-generated, ignore"
Frappuccino Light Blended Coffee,Coffee,Venti Nonfat Milk,160,0.1,5,33,5.0,120,"auto-generated, ignore"
Frappuccino Light Blended Coffee,Mocha,Tall Nonfat Milk,110,0.5,0,23,3.0,70,"auto-generated, ignore"
Frappuccino Light Blended Coffee,Mocha,Grande Nonfat Milk,150,1,0,30,4.0,95,"auto-generated, ignore"
Frappuccino Light Blended Coffee,Mocha,Venti Nonfat Milk,210,1,5,42,6.0,130,"auto-generated, ignore"
Frappuccino Light Blended Coffee,Caramel,Tall Nonfat Milk,100,0.1,0,23,3.0,65,"auto-generated, ignore"
Frappuccino Light Blended Coffee,Caramel,Grande Nonfat Milk,150,0.1,0,32,3.0,90,"auto-generated, ignore"
Frappuccino Light Blended Coffee,Caramel,Venti Nonfat Milk,200,0.1,5,43,5.0,120,"auto-generated, ignore"
Frappuccino Light Blended Coffee,Java Chip,Tall Nonfat Milk,150,3,0,27,4.0,70,"auto-generated, ignore"
Frappuccino Light Blended Coffee,Java Chip,Grande Nonfat Milk,220,4,0,39,5.0,105,"auto-generated, ignore"
Frappuccino Light Blended Coffee,Java Chip,Venti Nonfat Milk,290,5,5,52,7.0,165,"auto-generated, ignore"
Frappuccino Blended Creme,Strawberries & Creme (Without Whipped Cream),Tall Nonfat Milk,170,0.1,0,38,3.0,0,"auto-generated, ignore"
Frappuccino Blended Creme,Strawberries & Creme (Without Whipped Cream),Whole Milk,190,3,10,37,3.0,0,"auto-generated, ignore"
Frappuccino Blended Creme,Strawberries & Creme (Without Whipped Cream),Soymilk,170,1.5,0,35,3.0,0,"auto-generated, ignore"
Frappuccino Blended Creme,Strawberries & Creme (Without Whipped Cream),Grande Nonfat Milk,230,0.2,0,52,4.0,0,"auto-generated, ignore"
Frappuccino Blended Creme,Strawberries & Creme (Without Whipped Cream),Whole Milk,260,4,10,52,4.0,0,"auto-generated, ignore"
Frappuccino Blended Creme,Strawberries & Creme (Without Whipped Cream),Soymilk,240,2,0,49,3.0,0,"auto-generated, ignore"
Frappuccino Blended Creme,Strawberries & Creme (Without Whipped Cream),Venti Nonfat Milk,310,0.2,5,69,6.0,0,"auto-generated, ignore"
Frappuccino Blended Creme,Strawberries & Creme (Without Whipped Cream),Whole Milk,350,6,15,68,6.0,0,"auto-generated, ignore"
Frappuccino Blended Creme,Strawberries & Creme (Without Whipped Cream),Soymilk,320,3.2,0,64,5.0,0,"auto-generated, ignore"
Frappuccino Blended Creme,Vanilla Bean (Without Whipped Cream),Tall Nonfat Milk,170,0.1,0,38,4.0,0,"auto-generated, ignore"
Frappuccino Blended Creme,Vanilla Bean (Without Whipped Cream),Whole Milk,200,3.5,10,38,3.0,0,"auto-generated, ignore"
Frappuccino Blended Creme,Vanilla Bean (Without Whipped Cream),Soymilk,180,1.5,0,35,3.0,0,"auto-generated, ignore"
Frappuccino Blended Creme,Vanilla Bean (Without Whipped Cream),Grande Nonfat Milk,240,0.1,5,55,5.0,0,"auto-generated, ignore"
Classic Espresso Drinks,Vanilla Latte (Or Other Flavoured Latte),Venti Nonfat Milk,250,0.3,10,45,15.0,150,"auto-generated, ignore"
Shaken Iced Beverages,Shaken Iced Tazo Tea (With Classic Syrup),Grande,80,0,0,21,0.0,Varies,"auto-generated, ignore"
Frappuccino Light Blended Coffee,Caramel,Tall Nonfat Milk,100,0.1,0,23,3.0,65,"auto-generated, ignore"
Classic Espresso Drinks,Caffe Americano,Grande,15,0,0,0,1.0,225,"auto-generated, ignore"
Frappuccino Blended Creme,Strawberries & Creme (Without Whipped Cream),Whole Milk,350,6,15,68,6.0,0,"auto-generated, ignore"
Tazo Tea Drinks,Tazo Chai Tea Latte,2% Milk,190,3.5,15,32,6.0,70,"auto-generated, ignore"
Classic Espresso Drinks,Caffe Latte,2% Milk,100,3.5,15,9,6.0,75,"auto-generated, ignore"
Classic Espresso Drinks,Caffe Latte,Soymilk,70,2.5,0,4,5.0,75,"auto-generated, ignore"
